<?xml version="1.0" encoding="UTF-8"?>
<beans xmlns="http://www.springframework.org/schema/beans"
       xmlns:xsi="http://www.w3.org/2001/XMLSchema-instance"
       xmlns:dubbo="http://code.alibabatech.com/schema/dubbo"
       xsi:schemaLocation="http://www.springframework.org/schema/beans        http://www.springframework.org/schema/beans/spring-beans.xsd        http://code.alibabatech.com/schema/dubbo        http://code.alibabatech.com/schema/dubbo/dubbo.xsd">

    <!-- google kaptcha的相关配置-->
    <bean id="captchaProducer" class="com.google.code.kaptcha.impl.DefaultKaptcha">
        <property name="config">
            <bean class="com.google.code.kaptcha.util.Config">
                <constructor-arg>
                    <props>
                        <!-- 是否有边框 可选yes 或者 no -->
                        <prop key="kaptcha.border">no</prop>
                        <!-- 边框颜色 -->
                        <prop key="kaptcha.border.color">105,179,90</prop>
                        <!-- 验证码文本字符颜色 -->
                        <prop key="kaptcha.textproducer.font.color">blue</prop>
                        <!-- 验证码文本字符大小 -->
                        <prop key="kaptcha.textproducer.font.size">45</prop>
                        <!-- 验证码图片的宽度 默认200 -->
                        <prop key="kaptcha.image.width">125</prop>
                        <!-- 验证码图片的高度 默认50 -->
                        <prop key="kaptcha.image.height">45</prop>
                        <!-- 验证码文本字符长度  默认为5 -->
                        <prop key="kaptcha.textproducer.char.length">4</prop>
                        <!-- 验证码文本字体样式  默认为new Font("Arial", 1, fontSize), new Font("Courier", 1, fontSize)  -->
                        <prop key="kaptcha.textproducer.font.names">宋体,楷体,微软雅黑</prop>
                    </props>
                </constructor-arg>
            </bean>
        </property>
    </bean>
</beans>