<?xml version="1.0" encoding="UTF-8" ?>
<!DOCTYPE mapper PUBLIC "-//mybatis.org//DTD Mapper 3.0//EN" "http://mybatis.org/dtd/mybatis-3-mapper.dtd" >
<mapper namespace="com.gupaoedu.vip.activity.dal.persistence.ActDrawAwardItemMapper" >

  <resultMap id="BaseResultMap" type="com.gupaoedu.activity.dal.entitys.ActDrawAwardItem" >
    <id column="id" property="id" jdbcType="INTEGER" />
    <result column="item_name" property="itemName" jdbcType="VARCHAR" />
    <result column="total_num" property="totalNum" jdbcType="INTEGER" />
    <result column="probability" property="probability" jdbcType="FLOAT" />
    <result column="status" property="status" jdbcType="TINYINT" />
    <result column="award_id" property="awardId" jdbcType="INTEGER" />
    <result column="day_total_num" property="dayTotalNum" jdbcType="INTEGER" />
    <result column="level" jdbcType="INTEGER" property="level" />
    <result column="create_time" property="createTime" jdbcType="TIMESTAMP" />
  </resultMap>

  <sql id="Base_Column_List" >
    id, item_name, total_num, probability, status, award_id, day_total_num, level,create_time
  </sql>

  <select id="queryAwardItem" resultMap="BaseResultMap" parameterType="java.lang.String">
    select <include refid="Base_Column_List"/> from activity_award_item where status=1
  </select>
</mapper>