<?xml version="1.0" encoding="UTF-8"?>
<beans xmlns="http://www.springframework.org/schema/beans"
       xmlns:xsi="http://www.w3.org/2001/XMLSchema-instance"
       xmlns:dubbo="http://code.alibabatech.com/schema/dubbo"
       xsi:schemaLocation="http://www.springframework.org/schema/beans        http://www.springframework.org/schema/beans/spring-beans.xsd        http://code.alibabatech.com/schema/dubbo        http://code.alibabatech.com/schema/dubbo/dubbo.xsd">

    <bean id="consumerProperties" class="java.util.HashMap">
        <constructor-arg>
            <map>
                <entry key="bootstrap.servers"
                       value="192.168.8.126:9092"/>
                <entry key="group.id" value="registryConsumer"/>
                <entry key="enable.auto.commit" value="true"/>
                <entry key="auto.commit.interval.ms" value="1000"/>
                <entry key="key.deserializer" value="org.apache.kafka.common.serialization.IntegerDeserializer"/>
                <entry key="value.deserializer" value="org.apache.kafka.common.serialization.StringDeserializer"/>
            </map>
        </constructor-arg>
    </bean>


    <bean id="consumerFactory" class="org.springframework.kafka.core.DefaultKafkaConsumerFactory">
        <constructor-arg ref="consumerProperties"/>
    </bean>

    <bean id="containerProperties" class="org.springframework.kafka.listener.config.ContainerProperties">
        <constructor-arg name="topics" value="test"/>
        <property name="messageListener" ref="unKnowMessageListener"/>
    </bean>

    <bean id="messageListenerContainer" class="org.springframework.kafka.listener.KafkaMessageListenerContainer" init-method="doStart">
        <constructor-arg ref="consumerFactory"/>
        <constructor-arg ref="containerProperties"/>
    </bean>

</beans>